{"cameraMode":{"drawMode":0,"name":"Shaded","section":"Shading Mode"},"sceneLighting":false,"audioPlay":false,"sceneViewState":{"m_AlwaysRefresh":false,"showFog":true,"showSkybox":true,"showFlares":true,"showImageEffects":true,"showParticleSystems":true,"showVisualEffectGraphs":true,"m_FxEnabled":true},"in2DMode":false,"pivot":{"x":-0.8183066248893738,"y":1.1344231367111207,"z":-0.5020458698272705},"rotation":{"x":-0.027344873175024987,"y":0.9669220447540283,"z":-0.22467616200447083,"w":-0.11777061969041825},"size":18.739299774169923,"orthographic":false}