{"cameraMode":{"drawMode":0,"name":"Shaded","section":"Shading Mode"},"sceneLighting":false,"audioPlay":false,"sceneViewState":{"m_AlwaysRefresh":false,"showFog":true,"showSkybox":true,"showFlares":true,"showImageEffects":true,"showParticleSystems":true,"showVisualEffectGraphs":true,"m_FxEnabled":true},"in2DMode":false,"pivot":{"x":0.6496206521987915,"y":9.309006690979004,"z":31.06667137145996},"rotation":{"x":-0.10954340547323227,"y":-0.038834989070892337,"z":0.00380694679915905,"w":-0.9934238195419312},"size":13.468624114990235,"orthographic":false}