{"cameraMode":{"drawMode":0,"name":"Shaded","section":"Shading Mode"},"sceneLighting":false,"audioPlay":false,"sceneViewState":{"m_AlwaysRefresh":false,"showFog":true,"showSkybox":true,"showFlares":true,"showImageEffects":true,"showParticleSystems":true,"showVisualEffectGraphs":true,"m_FxEnabled":true},"in2DMode":false,"pivot":{"x":-0.760629415512085,"y":0.19519534707069398,"z":0.046432070434093478},"rotation":{"x":0.14891520142555238,"y":0.8092025518417358,"z":-0.23032742738723756,"w":0.5197588801383972},"size":2.339897871017456,"orthographic":false}