{"cameraMode":{"drawMode":0,"name":"Shaded","section":"Shading Mode"},"sceneLighting":false,"audioPlay":false,"sceneViewState":{"m_AlwaysRefresh":false,"showFog":true,"showSkybox":true,"showFlares":true,"showImageEffects":true,"showParticleSystems":true,"showVisualEffectGraphs":true,"m_FxEnabled":true},"in2DMode":false,"pivot":{"x":-1.0880744457244874,"y":1.2139414548873902,"z":0.8697938919067383},"rotation":{"x":0.12708278000354768,"y":0.46385833621025088,"z":-0.0673266276717186,"w":0.8742208480834961},"size":5.009183406829834,"orthographic":false}