{"cameraMode":{"drawMode":0,"name":"Shaded","section":"Shading Mode"},"sceneLighting":false,"audioPlay":false,"sceneViewState":{"m_AlwaysRefresh":false,"showFog":true,"showSkybox":true,"showFlares":true,"showImageEffects":true,"showParticleSystems":true,"showVisualEffectGraphs":true,"m_FxEnabled":true},"in2DMode":false,"pivot":{"x":-0.00088398257503286,"y":1.4159964323043824,"z":-0.0016487161628901959},"rotation":{"x":-0.160798117518425,"y":-0.27663150429725649,"z":0.04698213189840317,"w":-0.946302056312561},"size":4.389530658721924,"orthographic":false}